{"height": 0.69999999999999996, "distance": 30.0, "resolution": 50.402520126006301, "x_offset": 0.40000000000000002, "screen_px_width": 1440.0, "screen_cm_width": 28.57, "y_offset": 0.48999999999999999, "width": 0.83999999999999997}