{"height": 1.0, "distance": 30.0, "resolution": 50.402520126006301, "x_offset": 0.0, "screen_px_width": 1440.0, "screen_cm_width": 28.57, "y_offset": 0.0, "width": 0.65000000000000002}